document,first,one,second,third
0.6292275146695526,0.7772211620785797,0.0,0.0,0.0
0.78722297610404,0.0,0.0,0.6166684570284895,0.0
0.0,0.0,0.7071067811865476,0.0,0.7071067811865476
0.6292275146695526,0.7772211620785797,0.0,0.0,0.0
